year	variation
1995-1997	-2.955057558
1998-2000	7.934774775
2001-2003	20.54231231
2004-2006	29.95887137
2007-2009	37.08314064
2010-2012	46.29216216
2013-2015	61.52487326
